100000000,"ACTIVO",0
110000000,"DISPONIBILIDADES",100000000
111000000,"CAJA",110000000
111010000,"VALORES EN EFECTIVO",111000000
111010003,"RECAUDACION EN EFECTIVO",111010000
111010004,"RECAUDACION EN DOLARES",111010000
111020000,"VALORES A DEPOSITAR",111000000
111020002,"RECAUDACION EN VALORES AL DIA",111020000
112000000,"BANCOS",110000000
112010000,"CUENTAS CORRIENTES BANCARIAS EN PESOS",112000000
112020000,"CUENTAS CORRIENTES BANCARIAS EN M.EXTR.",112000000
112040000,"CAJA DE AHORRO EN MONEDA EXTRANJERA",112000000
113000000,"INVERSIONES A CORTO PLAZO",110000000
113010000,"PLAZO FIJOS EN PESOS",113000000
113020000,"PLAZO FIJO EN MONEDA EXTRANJERA",113000000
120000000,"CREDITOS",100000000
121000000,"DEUDORES COMUNES",120000000
121020000,"OBRAS SOCIALES/PREPAGAS",121000000
121030000,"DEUDORES INSTITUCIONES PUBLICAS",121000000
121040000,"DEUDORES PARTICULARES",121000000
121050000,"DEUDORES VARIOS",121000000
121060000,"DEUDORES CASAS",121000000
121070000,"DEUDORES PROVINCIA",121000000
122000000,"DEUDORES POR IMPUESTOS",120000000
123000000,"DEUDORES FINANCIEROS",120000000
123010000,"PRESTAMOS",123000000
123011000,"PRESTAMO A COMUNIDADES",123010000
123012000,"PRESTAMOS CENTROS",123010000
123013000,"PRESTAMOS PROVINCIA",123010000
124000000,"ANTICIPOS",120000000
124010000,"ANTICIPOS AL PERSONAL",124000000
125000000,"CARGOS DIFERIDOS",120000000
125010000,"SEGUROS PAGADOS POR ADELANTADO",125000000
130000000,"BIENES DE CAMBIO",100000000
131000000,"INSUMOS",130000000
131010000,"MEDICAMENTOS (MATERIAL SANITARIO)",131000000
131020000,"MATERIAL PARA LABORATORIO",131000000
131030000,"MATERIAL RADIOLOGICO",131000000
131040000,"PRODUCTOS ALIMENTICIOS",131000000
131050000,"MATERIAL LIBRERIA",131000000
131060000,"MATERIAL DESCARTABLE",131000000
131070000,"PRODUCTOS DE LIMPIEZA",131000000
140000000,"BIENES DE USO",100000000
141000000,"INMUEBLES",140000000
141010000,"CAMPOS",141000000
141020000,"LOTES",141000000
141030000,"EDIFICIOS",141000000
141040000,"INSTALACIONES",141000000
142000000,"MUEBLES",140000000
142010000,"RODADOS",142000000
142020000,"INSTRUMENTAL SANITARIO",142000000
142030000,"MUEBLES Y UTILES",142000000
142040000,"ROPERIA",142000000
143000000,"AMORTIZACIONES ACUMULADAS",140000000
143010000,"AMORTIZACIONES ACUMULADAS EDIFICIOS",143000000
143020000,"AMORTIZACIONES ACUMULADAS INSTALACIONES",143000000
143030000,"AMORTIZACIONES ACUMULADAS SEMOVIENTES",143000000
143040000,"AMORTIZACIONES ACUMULADAS INSTRUMENTAL",143000000
143050000,"AMORTIZACIONES MUEBLES Y UTILES",143000000
143060000,"AMORTIZACIONES ACUMULADAS ROPERIA",143000000
200000000,"PASIVO",0
210000000,"ACREEDORES",200000000
211000000,"ACREEDORES COMERCIALES",210000000
211010000,"PROVEEDORES EN CUENTA CORRIENTE",211000000
211030000,"ANTICIPOS DE PACIENTES PARTICULARES",211000000
211040000,"ANTICIPOS DE CLIENTES / OS",211000000
211050000,"DEPOSITOS EN GARANTIA EN EFECTIVO",211000000
211060000,"DEPOSITOS EN GARANTIA EN VALORES",211000000
211070000,"DEPOSITOS EN GARANTIA EN DOC.A PAGAR",211000000
212000000,"ACREEDORES SOCIALES",210000000
212010000,"SUELDOS BASICOS",212000000
212010001,"REMUNERACIONES A PAGAR",212010000
212010002,"REMUNERACIONES A HERMANOS A PAGAR",212010000
212010003,"REMUNERACIONES A HERMANAS A PAGAR",212010000
212020000,"CARGAS SOCIALES",212000000
212020001,"JUBILACION",212020000
212020002,"CONTRIBUCIONES SOBRE TICKETS",212020000
212020003,"ATSA - SINDICATO",212020000
212020004,"APORTE SOLIDARIO SINDICAL - ATSA",212020000
212020005,"CONTRIBUCION CONVENCIONAL-ATSA",212020000
212020006,"SEGURO ART",212020000
212020007,"CAJA PREVISION MEDICOS",212020000
212020008,"SEGUROS DE VIDA OBLIGATORIO",212020000
212030000,"PROVISION SOCIAL",212000000
213000000,"HONORARIOS PAGADOS",210000000
213010000,"HONORARIOS MEDICOS PAGADOS",213000000
213020000,"HONORARIOS PROFESIONALES VARIOS",213000000
214000000,"SERVICIOS TERCERIZADOS",210000000
214010000,"SERVICIOS DE LABORATORIO A PAGAR",214000000
214020000,"SERVICIOS DE HEMOTERAPIA A PAGAR",214000000
214030000,"SERVICIOS (OTROS)",214000000
214040000,"SERVICIOS DE MEDICINA NUCLEAR A PAGAR",214000000
214050000,"SERVICIOS DE COCINA A PAGAR",214000000
214060000,"SERVICIOS DE LIMPIEZA A PAGAR",214000000
214070000,"SERVICIOS DE SEGURIDAD A PAGAR",214000000
215000000,"ACREEDORES FINANCIEROS",210000000
215010000,"PRESTAMO PROVINCIA ESPA•OLA",215000000
215020000,"PRESTAMO CASAS",215000000
215030000,"PRESTAMO CENTROS",215000000
215040000,"PRESTAMO PROVINCIA",215000000
215050000,"PRESTAMO LARGO PLAZO (VS/PROV/GOB)",215000000
215060000,"PRESTAMO BANCARIOS",215000000
216000000,"ACREEDORES FISCALES",210000000
216010000,"RETENCIONES",216000000
216010001,"RETENCIONES GANANCIAS AL PERSONAL",216010000
216010002,"RETENCIONES GANANCIAS HONORARIOS MEDICOS",216010000
216010003,"RETENCIONES GANANCIAS A PROVEEDORES",216010000
216020000,"IVA",216000000
216030000,"MORATORIAS",216000000
220000000,"PROVISIONES",200000000
217000000,"ACREEDORES VARIOS",210000000
217010000,"APORTES A LA PROVINCIA A PAGAR",217000000
300000000,"PATRIMONIO NETO",0
310000000,"CAPITAL TOTAL",300000000
310010000,"CAPITAL SOCIAL",310000000
320000000,"RESULTADOS",300000000
400000000,"EGRESOS",0
410000000,"EGRESOS OPERATIVOS",400000000
411000000,"REMUNERACIONES",410000000
412000000,"HONORARIOS MEDICOS",410000000
412010000,"HONORARIOS MEDICOS POR PRESTACIONES",412000000
412020000,"HONORARIOS MEDICOS POR ASESORAMIENTO",412000000
413000000,"HONORARIOS OTROS PROFESIONALES",410000000
413010000,"HONORARIOS POR ASESORAMIENTO",413000000
414000000,"SERVICIOS DE TERCEROS",410000000
414010000,"SEGURIDAD Y VIGILANCIA",414000000
414020000,"PERSONAL CONTRATADO",414000000
414030000,"SERVICIO DE LAVANDERIA",414000000
414040000,"SERVICIO DE LIMPIEZA",414000000
414050000,"REPARACIONES",414000000
414060000,"MANTENIMIENTO Y SERVICIOS TECNICOS",414000000
415000000,"INSUMOS",410000000
415010000,"MEDICAMENTOS",415000000
415020000,"MATERIALES DESCARTABLES",415000000
415030000,"OXIGENO",415000000
415040000,"MATERIAL SANITARIO",415000000
415040001,"REVELADORES",415040000
415040002,"PLACAS",415040000
415040003,"QUIRURGICO",415040000
415050000,"ALIMENTACION",415000000
415060000,"SUMINISTROS",415000000
415060001,"ENERGIA ELECTRICA",415060000
415060002,"GAS",415060000
415060003,"AGUA",415060000
415060004,"TELEFONOS (COMUNICACIONES)",415060000
415060005,"COMBUSTIBLES RODADOS",415060000
416000000,"MATERIALES",410000000
416010000,"MATERIAL DE COSTURA",416000000
416010001,"TELAS",416010000
416010002,"VESTIDOS PARA PACIENTES",416010000
416010003,"COSTURERIA",416010000
416020000,"MATERIAL DE HOTELERIA",416000000
416020001,"VAJILLA",416020000
416020002,"BLANCO",416020000
416020003,"ARTICULOS DE TOCADOR Y BA•O",416020000
416030000,"MATERIAL DE MANTENIMIENTO",416000000
417000000,"GASTOS GENERALES",410000000
417010000,"CORREPONDENCIA",417000000
417020000,"PAPELERIA Y UTILES ESCRITORIO",417000000
417030000,"MOVILIDAD Y VIATICOS",417000000
417040000,"PROPAGANDA Y DIFUSION",417000000
417050000,"BIBLIOTECA",417000000
417060000,"SUSCRIPCIONES",417000000
417070000,"DIARIOS Y REVISTAS",417000000
417080000,"FOTOCOPIAS",417000000
417090000,"SEGUROS",417000000
417100000,"INTERESES COMERCIALES",417000000
417110000,"INTERESES BANCARIOS",417000000
417120000,"GASTOS BANCARIOS",417000000
417130000,"DIFERENCIAS DE CAMBIO",417000000
417140000,"IMPUESTOS Y TASAS",417000000
418000000,"RIESGO COMERCIAL Y CREDITICIO",410000000
418010000,"INCOBRABLES",418000000
418020000,"DEBITOS DE LAS COBERTURAS MEDICAS",418000000
419000000,"AMORTIZACIONES",410000000
419010000,"AMORTIZACIONES EDIFICIO",419000000
419020000,"AMORTIZACIONES RODADOS",419000000
419030000,"AMORTIZACIONES RODADOS",419000000
419040000,"AMORTIZACIONES EQUIPO SANITARIOS",419000000
419050000,"AMORTIZACIONES MUEBLES Y UTILES",419000000
419060000,"AMORTIZACIONES ROPERIA",419000000
420000000,"EGRESOS NO OPERATIVOS",400000000
422010000,"CONTRIBUCIONES",420000000
422010100,"CURIA GENERAL",422010000
422010200,"CIAL O.H. (Selare)",422010000
422010300,"CONFAR",422010000
422010400,"COMUNIDADES",422010000
422010500,"CENTROS",422010000
422010600,"PROVINCIA",422010000
422010700,"MISIONES",422010000
422020000,"AYUDA A FAMILIARES DE HERMANOS",420000000
422030000,"VIAJES Y VIATICOS",420000000
422040000,"EJERCICIOS ESPIRITUALES",420000000
422050000,"LIBRERIA Y PAPELERIA",420000000
422060000,"FORMACION",420000000
422070000,"GASTOS PERSONALES DE LOS HERMANOS",420000000
422090000,"VACACIONES DE LOS HERMANOS",420000000
422100000,"ROPA Y CALZADO DE HNOS.",420000000
430000000,"SUPERAVIT",400000000
430010000,"SUPERAVIT NETO",430000000
500000000,"INGRESOS",0
510000000,"INGRESOS OPERATIVOS",500000000
511000000,"INGRESOS POR PRESTACIONES",510000000
511010001,"INTERNACIONES CLINICAS",511010000
511010002,"INTERNACIONES CLINICAS DE PEDIATRIA",511010000
511010003,"INTERNACIONES QUIRURGICAS",511010000
511010004,"INTERNACIONES TRAUMATOLOGICAS",511010000
514000000,"OTROS INGRESOS",510000000
514010000,"INGRESOS DIVERSOS",514000000
520000000,"INGRESOS NO OPERATIVOS",500000000
520010000,"INGRESOS POR DOCENCIA",520000000
520020000,"INGRESOS POR ASESORAMIENTO",520000000
520030000,"APORTES",520000000
520030002,"ESPA•OLA",520030000
520030003,"CASAS",520030000
520030004,"CENTROS",520030000
520040000,"SERVICIOS AL PUBLICO",520000000
530000000,"DEFICIT FINAL",500000000
530010000,"DEFICIT",530000000
121080000,"DEUDORES CENTROS",121000000
212040000,"REMUNERACIONES EXTRAS",212000000
212050000,"CONCEPTOS NO REMUNERATIVOS",212000000
212060000,"INDEMNIZACIONES",212000000
212070000,"CAPACITACIONES",212000000
411010000,"REMUNERACIONES MEDICAS",411000000
411020000,"RENUMERACION ENFERMERAS",411000000
411030000,"REMUNERACIONES ADMINISTRATIVOS",411000000
411040000,"REMUNERACIONES PERSONAL AUXILIAR",411000000
411050000,"REMUNERACIONES PERSONAL TECNICO",411000000
411060000,"REMUNERACIONES TERAPISTAS",411000000
411070000,"REMUNERACIONES MANTENIMIENTO",411000000
422020100,"BENEFICIENCIA Y AYUDAS",420000000
521000000,"INGRESOS FINANCIEROS",520000000
521010000,"INTERESES FINANCIERAS",520000000
522000000,"INGRESOS POR BENEFICENCIA",520000000
522010000,"DONACIONES",522000000
522020000,"LIMOSNA",522000000
413010001,"HONORARIOS ASESOR.JURIDICO",413010000
414010001,"SEGURIDAD Y VIGILANCIA",414010000
414020001,"PERSONAL TEMPORARIO POR AGENCIA",414020000
417010001,"FRANQUEO COMUN Y CERTIFICADAS",417010000
414030001,"SERVICIO CONTRATADO DE LAVANDERIA",414030000
417020001,"PAPELERIA Y UTILES",417020000
414040001,"SERVICIO CONTRATADO DE LIMPIEZA",414040000
417030001,"VIATICOS",417030000
414050001,"REPARACIONES INMUEBLES",414050000
417040001,"PUBLICIDAD",417040000
414060001,"MANTENIMIENTO Y SERVICIOS TEC. INMUEBLES",414060000
415010001,"MEDICAMENTOS CONSUMIDOS",415010000
417050001,"LIBROS DE MEDICINA",417050000
415020001,"MATERIALES DESCARTABLES CUNSUMIDOS",415020000
417090001,"SEGUROS GENERALES",417090000
415030001,"OXIGENO CONSUMIDO",415030000
417100001,"INTERESES PAGADOS A PROVEEDORES",417100000
415050001,"ALIMENTACION",415050000
416030001,"MATERIAL DE MANTENIMIENTO",416030000
417070001,"DIARIOS Y REVISTAS",417070000
417060001,"SUSCRIPCIONES DE MEDICINA",417060000
415040004,"INSUMOS VARIOS",415040000
411200000,"CARGAS SOCIALES",410000000
121040001,"CLIENTES PARTICULARES",121040000
122010000,"IVA",122000000
122010001,"IVA SALDOS A FAVOR DGI",122010000
123013001,"PRESTAMOS A COMUNIDADES",123013000
124010001,"PERSONAL EN RELACION DE DEPENDENCIA",124010000
131010001,"MEDICAMENTOS",131010000
131040001,"ALIMENTACION",131040000
131050001,"PAPELERIA Y UTILES DE OFICINA",131050000
131050002,"IMPRESIONES",131050000
131060001,"DESCARTABLES",131060000
131080000,"INSTRUMENTAL MEDICO",131000000
131090000,"COMPRAS VARIAS",131000000
131100000,"PROTESIS",131000000
141030001,"EDIFICIOS",141030000
141040001,"INSTALACIONES",141040000
141040002,"OBRAS EN CURSO",141040000
142010001,"AUTOMOVILES",142010000
142030001,"MUEBLES Y UTILES",142030000
142040001,"ROPERIA",142040000
142050000,"OTROS EQUIPOS",142000000
142050001,"EQUIPOS EN GENERAL",142050000
143010001,"AMORTIZACIONES ACUMULADAS EDIFICIOS",143010000
143020001,"AMORTIZACIONES ACUMULADAS INSTALACION",143020000
143030001,"AMORTIZACIONES ACUMULADAS SEMOVIENTES",143030000
143040001,"AMORTIZACION ACUMULADA INSTRUMENTAL",143040000
143050001,"AMORTIZACION ACUM. MUEBLES Y UTILES",143050000
143060001,"AMORTIZACIONES ACUMULADAS ROPERIA",143060000
143070000,"AMORTIZACIONES ACUMULADAS AUTOMOTORES",143000000
143070001,"AMORTIZACION ACUMULADA AUTOMOTORES",143070000
211010001,"PROVEEDORES MEDICAMENTOS",211010000
211010002,"PROVEEDORES ALIMENTOS",211010000
211030001,"ANTICIPOS DE PACIENTES PARTICULARES",211030000
211040001,"ANTICIPOS DE COBERTURAS MEDICAS",211040000
213010001,"HONORARIOS MEDICOS A PAGAR",213010000
215040001,"PRESTAMO PACIENTES",215040000
216020001,"IVA SALDOS A FAVOR CONTRIBUYENTE",216020000
217010001,"APORTES A LA PROVINCIA A PAGAR",217010000
221000000,"PROVISIONES VARIAS",220000000
221010000,"PROVISIONES PARA SEGUROS",221000000
221010001,"PROVISIONES PARA SEGUROS",221010000
221020000,"PROVISIONES PARA LIQUIDACIONES",221000000
221020001,"PROVISIONES PARA LIQUIDACIONES",221020000
221030000,"PROVISIONES PARA DEBITOS",221000000
221030001,"PROVISIONES PARA DEBITOS",221030000
221040000,"PROVISIONES PARA GASTOS",221000000
221040001,"PROVISIONES PARA GASTOS",221040000
230000000,"PREVISIONES",200000000
231000000,"PREVISIONES VARIAS",230000000
231010000,"PREVISIONES PARA INCOBRABLES",231000000
231010001,"PREVISION PARA INCOBRABLES",231010000
231020000,"PREVISIONES PARA BENEFICENCIAS",231000000
231020001,"PREVISION PARA BENEFICENCIA",231020000
231030000,"PREVISIONES PARA JUICIOS",231000000
231030001,"PREVISION PARRA JUICIOS",231030000
311000000,"CAPITAL",310000000
311010000,"CAPITAL NETO",311000000
311010001,"CAPITAL",311010000
321000000,"RESULTADOS ACUMULADOS",320000000
321010000,"RESULTADO ACUMULADO EJERCICIOS ANTERIOR.",321000000
321010001,"RESULTADOS ACUMULADOS ANTERIORES",321010000
321020000,"RESULTADOS DEL EJERCICIO",320000000
321020001,"RESULTADO NETO DEL EJERCICIO",321020000
411010001,"SUELDOS BRUTOS MEDICOS",411010000
411020001,"SUELDOS BRUTOS ENFERMERAS",411020000
411030001,"SUELDOS BRUTOS ADMINISTRATIVOS",411030000
411040001,"SUELDOS BRUTOS PERSONAL AUXILIAR",411040000
411050001,"SUELDOS BRUTOS PERSONAL TECNICO",411050000
411060001,"SUELDOS BRUTOS TERAPISTAS",411060000
411070001,"SUELDOS BRUTOS MANTENIMIENTO",411070000
411200100,"CONTRIBUCIONES PATRONALES",411200000
411200101,"CONTRIBUCIONES PATRONALES MEDICOS",411200100
411200200,"SEGUROS",411200000
411200300,"PROVISIONES",411200000
411200301,"PROVISIONES PARA SAC Y VACACIONES",411200300
411200400,"OTRAS CARGAS SOCIALES",411200000
411200401,"ROPA DE TRABAJO Y UNIFORMES",411200400
411200402,"CONTROL AUSENTISMO Y EXAMENES MEDICOS",411200400
411300100,"COMPLEMENTARIAS",411300000
411300200,"GRACIABLES",411300000
411300201,"GRATIFICACIONES",411300200
411300300,"LEGALES",411300000
411300301,"INDEMNIZACIONES",411300300
411300302,"HOMOLOGACIONES ANTE SEC. DE TRABAJO",411300300
411300303,"HONORARIOS Y PERITAJES",411300300
411400000,"CAPACITACION",410000000
411400100,"CAPACITACION INTERNA",411400000
411400101,"PROGRAMA CONTINUO DE CAPACITACION",411400000
411400200,"CAPACITACION EXTERNA",411400000
411400201,"CURSOS Y SEMINARIOS",411400200
411400202,"CONGRESOS",411400200
411500000,"OTROS EGRESOS DE PERSONAL",410000000
411500100,"BUSQUEDA E INCORPORACION",411500000
411500101,"GASTOS DE BUSQUEDA Y SELECCION",411500100
411500102,"EXAMENES DE INGRESO",411500100
411500200,"OTROS EGRESOS",411500000
411500201,"CONTROL DE AUSENTISMO",411500200
411500202,"ATENCIONES AL PERSONAL",411500200
412020001,"HONORARIOS MEDICOS POR ASESORAMIENTO",412020000
413010002,"HONORARIOS ASESOR.CONTABLE",413010000
413010003,"HONORARIOS ASESORAMIENTO STAFF",413010000
414050002,"REPARACIONES RODADOS",414050000
414050003,"REPARACIONES INSTALACIONES",414050000
414050004,"REPARACIONES EQUIPOS SANITARIOS",414050000
414050005,"REPARACIONES MUEBLES Y UTILES",414050000
414050006,"REPARACIONES INSTRUMENTAL SANITARIO",414050000
414050007,"REPARACIONES OTROS EQUIPOS",414050000
414060002,"MANTENIMIENTO Y SERV. TEC. RODADOS",414060000
414060003,"MANTENIMIENTO Y SERV. TEC. INSTALACIONES",414060000
414060004,"MANTENIMIENTO Y SERV.TEC. EQ.SANITARIOS",414060000
414060005,"MANTENIMIENTO Y SERV. TEC. MUEBL. Y UTIL",414060000
414060006,"MANTENIMIENTO Y SERV. TEC. INST. SANITAR",414060000
414070000,"RESIDUOS PATOLOGICOS",414000000
414070001,"TRATAMIENTO RESIDUOS PATOLOGICOS",414070000
415060006,"COMBUSTIBLES EN GENERAL",415060000
415060007,"ABONOS POR SERVICIOS",415060000
416020004,"MATERIALES VARIOS DE HOTELERIA",416020000
416030002,"HERRAMIENTAS PARA MANTENIMIENTO",416030000
416040000,"MATERIALES VARIOS",416000000
416040001,"MATERIALES DESCARTABLES",416040000
416040002,"PARQUE Y JARDINERIA",416040000
416040003,"ARTICULOS DE LIMPIEZA",416040000
416040005,"MATERIALES PARA CAPACITACION",416040000
417010002,"FRANQUEO REGISTRADO",417010000
417020002,"INSUMOS COMPUTACION",417020000
417020003,"IMPRESIONES",417020000
417030002,"REMISES",417030000
417030003,"ESTACIONAMIENTOS Y PEAJES",417030000
417030004,"VIAJES - PASAJES",417030000
417040002,"FOLLETERIA",417040000
417050002,"LIBROS DE INTERES GENERAL",417050000
417050003,"VIDEOS",417050000
417060002,"OTRAS SUSCRIPCIONES",417060000
417080001,"FOTOCOPIAS Y FOTODUPLICACIONES",417080000
417090002,"SEGURO DE VIDA OBLIGATORIO",417090000
417100002,"DESCUENTOS NO GOZADOS",417100000
417110001,"INTERESES BANCARIOS POR DESCUBIERTOS",417110000
417110002,"INTERESES BANCARIOS POR FINANCIACION",417110000
417120001,"GASTOS COMI E IMPUESTOS BANCARIOS",417120000
417130001,"DIFERENCIAS DE CAMBIO",417130000
417140001,"TASAS POR SERVICIOS",417140000
417140002,"IMPUESTOS VARIOS",417140000
417150000,"GASTOS JUDICIALES",417000000
417150001,"INDEMNIZACIONES",417050000
417150002,"HONORARIOS Y PERITAJES",417150000
417150003,"MULTAS",417150000
417160000,"GASTOS VARIOS",417000000
417160001,"GASTOS VARIOS EN GENERAL",417160000
417160002,"GASTOS ROSA MALKIN",417160000
417160003,"ALQUILER DE INMUEBLES",417160000
417160004,"AGASAJOS FIESTAS Y PROTOCOLO",417160000
417160005,"ATENCIONES A TERCEROS",417160000
418010001,"DEUDORES INCOBRABLES",418010000
418020001,"DEBITOS SOBRE LA FACTURACION",418020000
419010001,"AMORTIZACION DEL EJERCICIO EDIFICIOS",419010000
419020001,"AMORTIZ. DEL EJERCICIO INSTALACIONES",419020000
419030001,"AMORTIZACION DEL EJERCICIO RODADOS",419030000
419040001,"AMORTIZAC. DEL EJERCICIOS EQ. SANITARIO",419040000
419050001,"AMORTIZAC. DEL EJERC. MUEBLES Y UTILES",419050000
419060001,"AMORTIZAC. DEL EJERCICIO ROPERIA",419060000
419070000,"AMORTIZACIONES OTROS EQUIPOS",419000000
419070001,"AMORTIZACION DEL EJERC. SEMOVIENTES",419070000
419900000,"GASTOS POR ATENCION DE BENEFICENCIA",410000000
419910000,"ATENCION A CARENCIADOS",419900000
419910001,"BENEFICENCIA A PACIENTES",419910000
422070100,"GASTOS DE LA CURIA PROVINCIAL",422010000
422070101,"GASTOS PERSONALES HERMANOS",422070100
422070102,"GASTOS DE MANTENIM. CURIA PROVINCIAL",422070100
422080000,"GASTOS MEDICOS DE LOS HERMANOS",420000000
511010000,"INTERNACIONES",511000000
511020000,"HOSPITAL DE DIA",511000000
511020001,"HOSPITAL DE DIA EN REHABILITACION",511020000
511030000,"CONSULTAS",511000000
511030001,"CONSULTAS EN CONSULTORIOS EXTERNOS",511030000
511040000,"INTERVENCION AMBULATORIA",511000000
511040001,"CIRUGIA AMBULATORIA",511040000
511050000,"VISITAS DOMICILIARIAS",511000000
511060000,"PRACTICAS",511000000
511060001,"PRATICAS EN CONSULTORIOS EXTERNOS",511060000
511070000,"SERVICIOS CONTRATADOS",511000000
511080000,"HISTORIAS CLINICAS",511000000
511080001,"APERTURA HISTORIAS CLINICAS",511080000
511090000,"LABORTERAPIA",511000000
514010001,"INGRESOS VARIOS",514010000
520010001,"ARANCELES CURSOS DE MEDICINA",520010000
520010002,"ARANCELES CURSOS DE GESTION",520010000
520020001,"ASESORAMIENTO A TERCEROS",520020000
520030100,"APORTES PROVINCIA",520030000
520030101,"PROVINCIA",520030100
520030200,"APORTES CASAS",520030000
520030301,"APORTES POR CENTROS",520030000
521010001,"INTERESES FINANCIEROS PERCIBIDOS",521010000
522010001,"DONACIONES RECIBIDAS",522010000
522020001,"COLECTAS EN GENERAL",522020000
530010001,"DEFICIT TOTAL",530010000
211050001,"GARANTIAS EN EFECTIVO",211050000
211060001,"GARANTIAS EN VALORES",211060000
211070001,"GARANTIAS EN DOCUMENTOS",211070000
511100000,"EMERGENCIAS",511000000
511100001,"GUARDIA CLINICA",511100000
511100002,"GUARDIA PEDIATRICA",511100000
511100003,"GUARDIA TRAUMATOLOGICA",511100000
511100004,"TERAPIA INTENSIVA",511100000
511110000,"ESTUDIOS",511000000
511110001,"RADIOLOGIA",511110000
511110002,"TOMOGRAFIAS",511110000
511110003,"ECOGRAFIAS",511110000
511110004,"ENDOSCOPIAS",511110000
511110005,"DENSITOMETRIAS",511110000
511110006,"LABORATORIO",511110000
511110007,"MEDICINA NUCLEAR",511110000
511110008,"MEDICINA TRANSFUSIONAL",511110000
511110009,"SERVICIOS CONTRATADOS VARIOS",511110000
511020002,"HOSPITAL DE DIA QUIRURGICO",511020000
511020003,"HOSPITAL DE DIA EN CLINICA",511020000
212020009,"ADICIONAL OBRAS SOC.",212020000
520040001,"PLAYA DE ESTACIONAMIENTO",520040000
422020101,"HNAS SIERVAS DE MARIA",422020100
520040002,"TARJETAS Y LLAMADAS TELEFONICA",520040000
111030000,"VALORES PROPIOS",111000000
111030001,"CHEQUES EMITIDOS",111030000
213020001,"HONORARIOS Y PERITAJES A PAGAR",213020000
124010003,"PRESTAMOS AL PERSONAL",124010000
212050001,"RETENCION PRESTAMOS BANCO NACION",212050000
212050002,"EMBARGOS JUDICIALES",212050000
212050003,"RETNCION APORTES VOLUNTARIOS ESPECIFICOS",212050000
214080000,"SERVICIO DE TICKETS",214000000
411010002,"INDEMNIZACIONES MEDICOS",411010000
411010003,"LAVADO UNIFORMES MEDICOS",411010000
411010004,"TICKETS MEDICOS",411010000
411010005,"OTRAS REMUNERACIONES",411010000
411010006,"AGUINALDO MEDICOS",411010000
411010007,"VACACIONES MEDICOS",411010000
411020002,"INDEMNIZACIONES ENFERMERIA",411020000
411020003,"LAVADO UNIFORMES ENFERMERIA",411020000
411020004,"TICKETS ENFERMERIA",411020000
411020005,"OTRAS REMUNERACIONES ENFERMERIA",411020000
411020006,"AGUINALDO ENFERMERIA",411020000
411020007,"VACACIONES ENFERMERIA",411020000
411030002,"INDEMNIZACIONES ADMINISTRATIVAS",411030000
411030003,"LAVADO UNIFORMES ADMINISTRATIVOS",411030000
411030004,"TICKETS ADMINISTRATIVOS",411030000
411030005,"OTRAS REMUNERACIONES",411030000
411030006,"AGUINALDO ADMINISTRATIVOS",411030000
411030007,"VACACIONES ADMINISTRATIVOS",411030000
411040002,"INDEMNIZACIONES AUXILIARES",411040000
411040003,"LAVADO UNIFORMES AUXILIARES",411040000
411040004,"TICKETS AUXILIARES",411040000
411040005,"OTRAS REMUNERACIONES AUXILIARES",411040000
411040006,"AGUINALDO AUXILIARES",411040000
411040007,"VACACIONES AUXILIARES",411040000
411050002,"INDEMNIZACIONES TECNICOS",411050000
411050003,"LAVADO UNIFORMES TECNICOS",411050000
411050004,"TICKETS TECNICOS",411050000
411050005,"OTRAS REMUNERACIONES TECNICOS",411050000
411050006,"AGUINALDO TECNICOS",411050000
411050007,"VACACIONES TECNICOS",411050000
411060002,"INDEMNIZACIONES TERAPISTAS",411060000
411060003,"LAVADO UNIFORMES TERAPISTAS",411060000
411060004,"TICKETS TERAPISTAS",411060000
411060005,"OTRAS REMUNERACIONES TERAPISTAS",411060000
411060006,"AGUINALDO TERAPISTAS",411060000
411060007,"VACACIONES TERAPISTAS",411060000
411070002,"INDEMNIZACIONES MANTENIMIENTO",411070000
411070003,"LAVADO UNIFORMES MANTENIMIENTO",411070000
411070004,"TICKETS MANTENIMIENTO",411070000
411070005,"OTRAS REMUNERACIONES MANTENIMIENTO",411070000
411070006,"AGUINALDO MANTENIMIENTO",411070000
411070007,"VACACIONES MANTENIMIENTO",411070000
411200102,"CONTRIBUCIONES PATRONALES ENFERMERIA",411200100
411200103,"CONTRIBUCIONES PATRONALES ADMINISTRATIVO",411200100
411200104,"CONTRIBUCIONES PATRONALES AUXILIARES",411200100
411200105,"CONTRIBUCIONES PATRONALES TECNICOS",411200100
411200106,"CONTRIBUCIONES PATRONALES TERAPISTAS",411200100
411200107,"CONTRIBUCIONES PATRONALES MANTENIMIENTO",411200100
213010002,"RETENCI‡N A PROF.POR COBERTURA MêDICA",213010000
514010002,"INGRESOS POR USO CONSULTORIOS EXTERNOS",514010000
514010003,"RECUPERO DE GASTOS",514010000
414080000,"SERVICIOS ASISTENCIALES",414000000
511010011,"INTERNACIONES EN REHABILITACION",511010000
511010012,"INTERNACION EN HOGAR DISCAPACITADOS",511010000
111040000,"VALORES EN GESTI‡N",111000000
111040001,"CHEQUES RECHAZADOS",111040000
112010010,"BANCO NACION LUJAN - 3227829-53",112000000
112010011,"BANCO FRANCES PILAR - 462-301-8",112000000
112010012,"BANCO RIO LUJAN - 178-1835-7",112000000
121030002,"PAMI (ANTERIOR)",121030000
121030003,"PAMI - DISCAPACIDAD",121030000
121030006,"MINISTERIO DE SALUD Y AMBIENTE",121030000
121050006,"DEUDORES EN GESTION - LUJAN",121050000
121050007,"DEUDORES DOCUMENTOS A COBRAR - LUJAN",121050000
142020002,"INSTRUMENTAL - LUJAN",142020000
142050002,"SEMOVIENTES",142050000
124020000,"ANTICIPOS",124000000
124020001,"ADELANTOS A PACIENTES",124020000
212020010,"O.SOCIAL FATSA",212020000
212020011,"ANSAL",212020000
212020012,"CASFEC",212020000
417170000,"GASTOS GERENCIADORAS",417000000
417700001,"ACUERDO CON DEUDORES POR SERVICIOS",417170000
417700002,"FACAP",417170000
417180000,"SEMOVIENTES",417000000
417180001,"MEDICAMENTOS VETERINARIOS",417180000
417180002,"SEMILLAS, ALIMENTOS BALANCEADOS",417180000
414080005,"ATENCION MEDICA",414080000
414080006,"PODOLOGIA",414080000
414080007,"ANALISIS CLINICOS",414080000
414080008,"RADIOGRAFIAS Y OTROS ESTUDIOS",414080000
417020004,"MATERIAL DE POLIETILENO",417020000
413010004,"HONORARIOS INFORMATICA",413000000
514010004,"INGRESOS LABORTERAPIA",514010000
422040100,"EJERCICIOS ESPIRITUALES",422040000
417160006,"ESTIMULO A PACIENTES",417160000
212010004,"TICKET CANASTA",212010000
411030008,"ART",411030000
511010021,"PABELLON 1 - CASA NSTRA SRA DEL PILAR",511010000
511010022,"PABELLON 2 - CASA NSTRA SRA DEL PILAR",511010000
511010023,"PABELLON 3 - CASA NSTRA SRA DEL PILAR",511010001
511010024,"PABELLON 4 - CASA NSTRA SRA DEL PILAR",511010000
511010025,"PABELLON 5 - CASA NSTRA SRA DEL PILAR",511010000
511010026,"PABELLON 6 - CASA NSTRA SRA DEL PILAR",511010000
422020102,"DONACIONES - LUJAN",422020100
121030001,"PAMI (DEBITO NO RECONOCIDO)",121030000
121030007,"PAMI - GERIATRIA",121030000
422020103,"HNAS DE LA CARIDAD DE SANTA ANA",422020100
422070200,"GASTOS CASA LUJAN",422010000
422070201,"COMUNIDAD HNOS-LUJAN",422070200
422070202,"COMUNIDAD POSTULANTADO-LUJAN",422070200
422070203,"COMUNIDAD NOVICIADO-LUJAN",422070200
422070103,"VIAJES COMUNIDAD HNOS LUJAN",422070100
422070104,"VIAJES POSTULANTADO LUJAN",422070100
121080001,"DEUDORES (SEGUROS RAMOS MEJIA)",121080000
121030008,"PAMI - PSIQUIATRIA",121030000
322000000,"AJUSTES EJERCICIOS ANTERIORES",321000000
511030002,"CONSULTAS ODONTOLOGIA",511030000
514010005,"CONVIVENCIA",514010000
514010006,"INGRESOS GRANJA",514010000
112010013,"BANCO GALICIA LUJAN 5827-6-043-9",112000000
413010005,"HONORARIOS ASESOR.SEGURIDAD E HIGIENE",413000000
211010003,"PROVEEDORES ART.LIMPIEZA",211010000
211010004,"OTROS PROVEEDORES",211010000
417030005,"CAPELLANIA",417030000
112010014,"C.C.ESPECIAL GALICIA 9750089-0043-4",112000000
413010006,"HONORARIOS ASESOR.RECURSOS HUMANOS",413000000
417160007,"GASTOS LABORTERAPIA",417160000
417160008,"GASTOS MUSICOTERAPIA",417160000
417160009,"GTOS TERAP.OCUPACIONAL (PSIQUIATRIA)",417160001
417160010,"COMISION ANIMACION Y FESTEJOS",417160000
121020001,"OSDE",121020000
121020002,"I.O.M.A.",121020000
121020003,"O.S.E.C.A.C.",121020000
121020004,"UNION PERSONAL",121020000
121020005,"O.S.PE.CON",121000000
121020006,"O.S.P.A.C.A.",121020000
121020007,"OBRA SOCIAL DE SEGUROS",121020002
121020008,"O.S.U.O.M.R.A.",121020000
121020009,"CENTRO PRIVADO SALUD MENTAL S.R.L.",121020000
121020010,"O.S.T.E.L.",121020000
121020011,"O.S. LUIS PASTEUR",121020000
121020012,"O.S.O.S.S.",121020002
121020013,"OSUTHGRA",121020000
121020014,"O.S.CHO.CA.",121020000
121020015,"O.S.P.I.C.A.",121020000
121020016,"D.O.S.U.B.A.",121020000
121020017,"O.S.P.I.T.",121020000
121020018,"OSDIPP",121020000
417160011,"FLETES",417160000
121020019,"ASOCIACION ECLESIASTICA SAN PEDRO",121020000
121020020,"OMINT S.A.",121020000
121020021,"HEALTH MEDICAL",121020000
121020022,"COGGIOLA",121020000
121020023,"IPAUSS",121020000
121020024,"LUZ Y FUERZA",121020000
121020025,"OSPECA",121020000
217020000,"CUENTA CUSTODIA DE PACIENTES",217000000
121020026,"O.S.P.I.F.",121020000
121020027,"O.S.P.E.R.Y.H",121020000
121020028,"O.S.P.S.A.",121020000
215040002,"PRESTAMO KLC",215040000
215040003,"PRESTAMO PROVINCIA",215040000
413010007,"HONORARIOS ARQUITECTURA",413000000
413010008,"HONORARIOS ASESORAMIENTO GERENCIAL",413000000
413010009,"HONORARIOS AUDITORIA",413000000
514010007,"ESTIPENDIOS",514010000
121020029,"MEDIFE",121020000
413010010,"HONORARIOS ASESORAMIENTO ANTISINIESTRAL",413000000
123013002,"PRESTAMO A CURIA PROVINCIAL",123013000
